2024 DART Taxonomy('24.9.26.),,,,,
,업종,구분,별도/연결 구분,Link,주석 명칭(Label)
,비금융업,재무제표 본문,연결,'Presentation Link'!A2,"[D210000] 재무상태표, 유동/비유동법 - 연결 | Statement of financial position, current/non-current - Consolidated financial statements"
,비금융업,재무제표 본문,별도,'Presentation Link'!A534,"[D210005] 재무상태표, 유동/비유동법 - 별도 | Statement of financial position, current/non-current - Separate financial statements"
,비금융업,재무제표 본문,연결,'Presentation Link'!A1064,"[D220000] 재무상태표, 유동성배열법 - 연결 | Statement of financial position, order of liquidity - Consolidated financial statements"
,비금융업,재무제표 본문,별도,'Presentation Link'!A1592,"[D220005] 재무상태표, 유동성배열법 - 별도 | Statement of financial position, order of liquidity - Separate financial statements"
,비금융업,재무제표 본문,연결,'Presentation Link'!A2118,"[D310000] 손익계산서, 기능별 분류 - 연결 | Income statement, by function of expense - Consolidated financial statements"
,비금융업,재무제표 본문,별도,'Presentation Link'!A2488,"[D310005] 손익계산서, 기능별 분류 - 별도 | Income statement, by function of expense - Separate financial statements"
,비금융업,재무제표 본문,연결,'Presentation Link'!A2856,"[D320000] 손익계산서, 성격별 분류 - 연결 | Income statement, by nature of expense - Consolidated financial statements"
,비금융업,재무제표 본문,별도,'Presentation Link'!A3201,"[D320005] 손익계산서, 성격별 분류 - 별도 | Income statement, by nature of expense - Separate financial statements"
,비금융업,재무제표 본문,연결,'Presentation Link'!A3544,"[D410000] 포괄손익계산서, 세후로 표시된 OCI 구성요소 - 연결 | Statement of comprehensive income - Consolidated financial statements"
,비금융업,재무제표 본문,별도,'Presentation Link'!A3584,"[D410005] 포괄손익계산서, 세후로 표시된 OCI 구성요소 - 별도 | Statement of comprehensive income - Separate financial statements"
,비금융업,재무제표 본문,연결,'Presentation Link'!A3621,"[D420000] 포괄손익계산서, 세전으로 표시된 OCI 구성요소 - 연결 | Statement of comprehensive income [alternative] - Consolidated financial statements"
,비금융업,재무제표 본문,별도,'Presentation Link'!A3663,"[D420005] 포괄손익계산서, 세전으로 표시된 OCI 구성요소 - 별도 | Statement of comprehensive income [alternative] - Separate financial statements"
,비금융업,재무제표 본문,연결,'Presentation Link'!A3702,"[D431410] 단일 포괄손익계산서, 기능별 분류, 세후 - 연결 | Statement of comprehensive income, by function of expense - Consolidated financial statements"
,비금융업,재무제표 본문,별도,'Presentation Link'!A4101,"[D431415] 단일 포괄손익계산서, 기능별 분류, 세후 - 별도 | Statement of comprehensive income, by function of expense - Separate financial statements"
,비금융업,재무제표 본문,연결,'Presentation Link'!A4495,"[D431420] 단일 포괄손익계산서, 기능별 분류, 세전 - 연결 | Statement of comprehensive income [alternative], by function of expense - Consolidated financial statements"
,비금융업,재무제표 본문,별도,'Presentation Link'!A4896,"[D431425] 단일 포괄손익계산서, 기능별 분류, 세전 - 별도 | Statement of comprehensive income [alternative], by function of expense - Separate financial statements"
,비금융업,재무제표 본문,연결,'Presentation Link'!A5292,"[D432410] 단일 포괄손익계산서, 성격별 분류, 세후 - 연결 | Statement of comprehensive income, by nature of expense - Consolidated financial statements"
,비금융업,재무제표 본문,별도,'Presentation Link'!A5666,"[D432415] 단일 포괄손익계산서, 성격별 분류, 세후 - 별도 | Statement of comprehensive income, by nature of expense - Separate financial statements"
,비금융업,재무제표 본문,연결,'Presentation Link'!A6035,"[D432420] 단일 포괄손익계산서, 성격별 분류, 세전 - 연결 | Statement of comprehensive income [alternative], by nature of expense - Consolidated financial statements"
,비금융업,재무제표 본문,별도,'Presentation Link'!A6411,"[D432425] 단일 포괄손익계산서, 성격별 분류, 세전 - 별도 | Statement of comprehensive income [alternative], by nature of expense - Separate financial statements"
,비금융업,재무제표 본문,연결,'Presentation Link'!A6782,"[D510000] 현금흐름표, 직접법 - 연결 | Statement of cash flows, direct method - Consolidated financial statements"
,비금융업,재무제표 본문,별도,'Presentation Link'!A7017,"[D510005] 현금흐름표, 직접법 - 별도 | Statement of cash flows, direct method - Separate financial statements"
,비금융업,재무제표 본문,연결,'Presentation Link'!A7252,"[D520000] 현금흐름표, 간접법 - 연결 | Statement of cash flows, indirect method - Consolidated financial statements"
,비금융업,재무제표 본문,별도,'Presentation Link'!A7692,"[D520005] 현금흐름표, 간접법 - 별도 | Statement of cash flows, indirect method - Separate financial statements"
,비금융업,재무제표 본문,연결,'Presentation Link'!A8132,[D610000] 자본변동표 - 연결 | Statement of changes in equity - Consolidated financial statements
,비금융업,재무제표 본문,별도,'Presentation Link'!A8194,[D610005] 자본변동표 - 별도 | Statement of changes in equity - Separate financial statements
,비금융업,주석,연결,'Presentation Link'!A8254,"[D800100] 주석 - 자산, 부채 및 자본의 세분류 - 연결 | Notes - Subclassifications of assets, liabilities and equities - Consolidated financial statements"
,비금융업,주석,별도,'Presentation Link'!A8877,"[D800105] 주석 - 자산, 부채 및 자본의 세분류 - 별도 | Notes - Subclassifications of assets, liabilities and equities - Separate financial statements"
,비금융업,주석,연결,'Presentation Link'!A9500,[D800200] 주석 - 수익과 비용 분석 - 연결 | Notes - Analysis of income and expense - Consolidated financial statements
,비금융업,주석,별도,'Presentation Link'!A9810,[D800205] 주석 - 수익과 비용 분석 - 별도 | Notes - Analysis of income and expense - Separate financial statements
,비금융업,주석,연결,'Presentation Link'!A10120,"[D800300] 주석 - 현금흐름표, 추가공시 - 연결 | Notes - Statement of cash flows, additional disclosures - Consolidated financial statements"
,비금융업,주석,별도,'Presentation Link'!A10250,"[D800305] 주석 - 현금흐름표, 추가공시 - 별도 | Notes - Statement of cash flows, additional disclosures - Separate financial statements"
,비금융업,주석,연결,'Presentation Link'!A10380,"[D800400] 주석 - 자본변동표, 추가공시 - 연결 | Notes - Statement of changes in equity, additional disclosures - Consolidated financial statements"
,비금융업,주석,별도,'Presentation Link'!A10426,"[D800405] 주석 - 자본변동표, 추가공시 - 별도 | Notes - Statement of changes in equity, additional disclosures - Separate financial statements"
,비금융업,주석,연결,'Presentation Link'!A10472,[D800500] 주석 - 주석 목록 - 연결 | Notes - List of notes - Consolidated financial statements
,비금융업,주석,별도,'Presentation Link'!A10612,[D800505] 주석 - 주석 목록 - 별도 | Notes - List of notes - Separate financial statements
,비금융업,주석,연결,'Presentation Link'!A10752,[D800600] 주석 - 회계정책 목록 - 연결 | Notes - List of accounting policies - Consolidated financial statements
,비금융업,주석,별도,'Presentation Link'!A10858,[D800605] 주석 - 회계정책 목록 - 별도 | Notes - List of accounting policies - Separate financial statements
,비금융업,주석,연결,'Presentation Link'!A10964,[D810000] 주석 - 기업정보와 한국채택국제회계기준 준수 사실 기재 - 연결 | Notes - Corporate information and statement of IFRS compliance - Consolidated financial statements
,비금융업,주석,별도,'Presentation Link'!A11056,[D810005] 주석 - 기업정보와 한국채택국제회계기준 준수 사실 기재 - 별도 | Notes - Corporate information and statement of IFRS compliance - Separate financial statements
,비금융업,주석,연결,'Presentation Link'!A11148,[D810010] 주석 - 중요한 판단과 추정불확실성의 주요 원천 - 연결 | Notes - Significant judgements and sources of estimation uncertainty - Consolidated financial statements
,비금융업,주석,별도,'Presentation Link'!A11169,[D810015] 주석 - 중요한 판단과 추정불확실성의 주요 원천 - 별도 | Notes - Significant judgements and sources of estimation uncertainty - Separate financial statements
,비금융업,주석,연결,'Presentation Link'!A11190,"[D811000] 주석 - 회계정책, 회계추정의 변경 및 오류에 대한 공시 - 연결 | Notes - Accounting policies, changes in accounting estimates and errors - Consolidated financial statements"
,비금융업,주석,별도,'Presentation Link'!A11254,"[D811005] 주석 - 회계정책, 회계추정의 변경 및 오류에 대한 공시 - 별도 | Notes - Accounting policies, changes in accounting estimates and errors - Separate financial statements"
,비금융업,주석,연결,'Presentation Link'!A11318,[D813000] 주석 - 중간재무보고 - 연결 | Notes - Interim financial reporting - Consolidated financial statements
,비금융업,주석,별도,'Presentation Link'!A11343,[D813005] 주석 - 중간재무보고 - 별도 | Notes - Interim financial reporting - Separate financial statements
,비금융업,주석,연결,'Presentation Link'!A11368,[D815000] 주석 - 보고기간 후 사건 - 연결 | Notes - Events after reporting period - Consolidated financial statements
,비금융업,주석,별도,'Presentation Link'!A11405,[D815005] 주석 - 보고기간 후 사건 - 별도 | Notes - Events after reporting period - Separate financial statements
,비금융업,주석,연결,'Presentation Link'!A11442,[D816000] 주석 - 초인플레이션 경제에서의 재무보고 - 연결 | Notes - Hyperinflationary reporting - Consolidated financial statements
,비금융업,주석,별도,'Presentation Link'!A11458,[D816005] 주석 - 초인플레이션 경제에서의 재무보고 - 별도 | Notes - Hyperinflationary reporting - Separate financial statements
,비금융업,주석,연결,'Presentation Link'!A11474,[D817000] 주석 - 사업결합 - 연결 | Notes - Business combinations - Consolidated financial statements
,비금융업,주석,별도,'Presentation Link'!A11671,[D817005] 주석 - 사업결합 - 별도 | Notes - Business combinations - Separate financial statements
,비금융업,주석,연결,'Presentation Link'!A11868,[D818000] 주석 - 특수관계자 - 연결 | Notes - Related party - Consolidated financial statements
,비금융업,주석,별도,'Presentation Link'!A11987,[D818005] 주석 - 특수관계자 - 별도 | Notes - Related party - Separate financial statements
,비금융업,주석,연결,'Presentation Link'!A12106,[D819100] 주석 - 최초채택 - 연결 | Notes - First time adoption - Consolidated financial statements
,비금융업,주석,별도,'Presentation Link'!A12169,[D819105] 주석 - 최초채택 - 별도 | Notes - First time adoption - Separate financial statements
,비금융업,주석,연결,'Presentation Link'!A12232,"[D822100] 주석 - 유형자산 - 연결 | Notes - Property, plant and equipment - Consolidated financial statements"
,비금융업,주석,별도,'Presentation Link'!A12347,"[D822105] 주석 - 유형자산 - 별도 | Notes - Property, plant and equipment - Separate financial statements"
,비금융업,주석,연결,'Presentation Link'!A12462,[D822200] 주석 - 탐사평가자산 - 연결 | Notes - Exploration for and evaluation of mineral resources - Consolidated financial statements
,비금융업,주석,별도,'Presentation Link'!A12479,[D822205] 주석 - 탐사평가자산 - 별도 | Notes - Exploration for and evaluation of mineral resources - Separate financial statements
,비금융업,주석,연결,'Presentation Link'!A12496,[D822300] 주석 - 기타자산 - 연결 | Notes - Other assets - Consolidated financial statements
,비금융업,주석,별도,'Presentation Link'!A12564,[D822305] 주석 - 기타자산 - 별도 | Notes - Other assets - Separate financial statements
,비금융업,주석,연결,'Presentation Link'!A12632,[D822310] 주석 - 기타부채 - 연결 | Notes - Other liabilities - Consolidated financial statements
,비금융업,주석,별도,'Presentation Link'!A12696,[D822315] 주석 - 기타부채 - 별도 | Notes - Other liabilities - Separate financial statements
,비금융업,주석,연결,'Presentation Link'!A12760,[D822320] 주석 - 담보제공자산 - 연결 | Notes - Assets pledged as collateral - Consolidated financial statements
,비금융업,주석,별도,'Presentation Link'!A12791,[D822325] 주석 - 담보제공자산 - 별도 | Notes - Assets pledged as collateral - Separate financial statements
,비금융업,주석,연결,'Presentation Link'!A12822,"[D822380] 주석 - 금융상품/위험회피회계 및 위험관리 - 연결 | Notes - Financial instruments, Hedge accounting and risk management - Consolidated financial statements"
,비금융업,주석,별도,'Presentation Link'!A13352,"[D822385] 주석 - 금융상품/위험회피회계 및 위험관리 - 별도 | Notes - Financial instruments, Hedge accounting and risk management - Separate financial statements"
,비금융업,주석,연결,'Presentation Link'!A13882,[D822390] 주석 - 금융상품 - 연결 | Notes - Financial instruments - Consolidated financial statements
,비금융업,주석,별도,'Presentation Link'!A15108,[D822395] 주석 - 금융상품 - 별도 | Notes - Financial instruments - Separate financial statements
,비금융업,주석,연결,'Presentation Link'!A16334,[D822400] 주석 - 차입금 - 연결 | Notes - Borrowings - Consolidated financial statements
,비금융업,주석,별도,'Presentation Link'!A16412,[D822405] 주석 - 차입금 - 별도 | Notes - Borrowings - Separate financial statements
,비금융업,주석,연결,'Presentation Link'!A16490,[D822410] 주석 - 현금및현금성자산 - 연결 | Notes - Cash and cash equivalents - Consolidated financial statements
,비금융업,주석,별도,'Presentation Link'!A16518,[D822415] 주석 - 현금및현금성자산 - 별도 | Notes - Cash and cash equivalents - Separate financial statements
,비금융업,주석,연결,'Presentation Link'!A16546,[D822420] 주석 - 매출채권 및 기타채권 - 연결 | Notes - Trade and other receivables - Consolidated financial statements
,비금융업,주석,별도,'Presentation Link'!A16658,[D822425] 주석 - 매출채권 및 기타채권 - 별도 | Notes - Trade and other receivables - Separate financial statements
,비금융업,주석,연결,'Presentation Link'!A16770,[D822430] 주석 - 범주별 금융상품 - 연결 | Notes - Financial instruments by category - Consolidated financial statements
,비금융업,주석,별도,'Presentation Link'!A16901,[D822435] 주석 - 범주별 금융상품 - 별도 | Notes - Financial instruments by category - Separate financial statements
,비금융업,주석,연결,'Presentation Link'!A17032,[D822440] 주석 - 금융자산의 양도 - 연결 | Notes - Transfers Of Financial Assets - Consolidated financial statements
,비금융업,주석,별도,'Presentation Link'!A17133,[D822445] 주석 - 금융자산의 양도 - 별도 | Notes - Transfers Of Financial Assets - Separate financial statements
,비금융업,주석,연결,'Presentation Link'!A17234,[D822450] 주석 - 사채 - 연결 | Notes - Bonds - Consolidated financial statements
,비금융업,주석,별도,'Presentation Link'!A17297,[D822455] 주석 - 사채 - 별도 | Notes - Bonds - Separate financial statements
,비금융업,주석,연결,'Presentation Link'!A17360,[D822460] 주석 - 매입채무 및 기타채무 - 연결 | Notes - Trade and other payables - Consolidated financial statements
,비금융업,주석,별도,'Presentation Link'!A17423,[D822465] 주석 - 매입채무 및 기타채무 - 별도 | Notes - Trade and other payables - Separate financial statements
,비금융업,주석,연결,'Presentation Link'!A17486,[D822470] 주석 - 사용이 제한된 금융자산 - 연결 | Notes - Restricted financial assets - Consolidated financial statements
,비금융업,주석,별도,'Presentation Link'!A17541,[D822475] 주석 - 사용이 제한된 금융자산 - 별도 | Notes - Restricted financial assets - Separate financial statements
,비금융업,주석,연결,'Presentation Link'!A17596,[D822480] 주석 - 기타채권 - 연결 | Notes - Non-trade receivables - Consolidated financial statements
,비금융업,주석,별도,'Presentation Link'!A17642,[D822485] 주석 - 기타채권 - 별도 | Notes - Non-trade Receivables - Separate financial statements
,비금융업,주석,연결,'Presentation Link'!A17688,[D822490] 주석 - 기타채무 - 연결 | Notes - Non-trade Payables - Consolidated financial statements
,비금융업,주석,별도,'Presentation Link'!A17745,[D822495] 주석 - 기타채무 - 별도 | Notes - Non-trade payables - Separate financial statements
,비금융업,주석,연결,'Presentation Link'!A17802,[D823000] 주석 - 공정가치측정 - 연결 | Notes - Fair value measurement - Consolidated financial statements
,비금융업,주석,별도,'Presentation Link'!A18361,[D823005] 주석 - 공정가치측정 - 별도 | Notes - Fair value measurement - Separate financial statements
,비금융업,주석,연결,'Presentation Link'!A18920,[D823180] 주석 - 무형자산 - 연결 | Notes - Intangible assets - Consolidated financial statements
,비금융업,주석,별도,'Presentation Link'!A19133,[D823185] 주석 - 무형자산 - 별도 | Notes - Intangible assets - Separate financial statements
,비금융업,주석,연결,'Presentation Link'!A19346,[D824180] 주석 - 농림어업 - 연결 | Notes - Agriculture - Consolidated financial statements
,비금융업,주석,별도,'Presentation Link'!A19446,[D824185] 주석 - 농림어업 - 별도 | Notes - Agriculture - Separate financial statements
,비금융업,주석,연결,'Presentation Link'!A19546,[D824500] 주석 - 규제이연계정 - 연결 | Regulatory deferral accounts - Consolidated financial statements
,비금융업,주석,별도,'Presentation Link'!A19687,[D824505] 주석 - 규제이연계정 - 별도 | Regulatory deferral accounts - Separate financial statements
,비금융업,주석,연결,'Presentation Link'!A19828,[D825100] 주석 - 투자부동산 - 연결 | Notes - Investment property - Consolidated financial statements
,비금융업,주석,별도,'Presentation Link'!A19906,[D825105] 주석 - 투자부동산 - 별도 | Notes - Investment property - Separate financial statements
,비금융업,주석,연결,'Presentation Link'!A19984,[D825480] 주석 - 별도재무제표 - 연결 | Notes - Separate financial statements - Consolidated financial statements
,비금융업,주석,별도,'Presentation Link'!A20045,[D825485] 주석 - 별도재무제표 - 별도 | Notes - Separate financial statements - Separate financial statements
,비금융업,주석,연결,'Presentation Link'!A20106,[D825700] 주석 - 타 기업에 대한 지분의 공시 - 연결 | Notes - Interests in other entities - Consolidated financial statements
,비금융업,주석,별도,'Presentation Link'!A20365,[D825705] 주석 - 타 기업에 대한 지분의 공시 - 별도 | Notes - Interests in other entities - Separate financial statements
,비금융업,주석,연결,'Presentation Link'!A20624,[D825900] 주석 - 매각예정비유동자산과 중단영업 - 연결 | Notes - Non-current asset held for sale and discontinued operations - Consolidated financial statements
,비금융업,주석,별도,'Presentation Link'!A20673,[D825905] 주석 - 매각예정비유동자산과 중단영업 - 별도 | Notes - Non-current asset held for sale and discontinued operations - Separate financial statements
,비금융업,주석,연결,'Presentation Link'!A20722,[D826380] 주석 - 재고자산 - 연결 | Notes - Inventories - Consolidated financial statements
,비금융업,주석,별도,'Presentation Link'!A20754,[D826385] 주석 - 재고자산 - 별도 | Notes - Inventories - Separate financial statements
,비금융업,주석,연결,'Presentation Link'!A20786,"[D827570] 주석 - 기타충당부채, 우발부채 및 우발자산에 대한 주석 - 연결 | Notes - Other provisions, contingent liabilities and contingent assets - Consolidated financial statements"
,비금융업,주석,별도,'Presentation Link'!A20867,"[D827575] 주석 - 기타충당부채, 우발부채 및 우발자산에 대한 주석 - 별도 | Notes - Other provisions, contingent liabilities and contingent assets - Separate financial statements"
,비금융업,주석,연결,'Presentation Link'!A20948,"[D827580] 주석 - 우발부채, 우발자산 및 약정사항 - 연결 | Notes - Contingent liabilities, contingent asset and commitments - Consolidated financial statements"
,비금융업,주석,별도,'Presentation Link'!A21102,"[D827585] 주석 - 우발부채, 우발자산 및 약정사항 - 별도 | Notes - Contingent liabilities, contingent asset and commitments - Separate financial statements"
,비금융업,주석,연결,'Presentation Link'!A21256,[D831150] 주석 - 고객과의 계약에서 생기는 수익 - 연결 | Notes - Revenue from contracts with customers - Consolidated financial statements
,비금융업,주석,별도,'Presentation Link'!A21431,[D831155] 주석 - 고객과의 계약에서 생기는 수익 - 별도 | Notes - Revenue from contracts with customers - Separate financial statements
,비금융업,주석,연결,'Presentation Link'!A21606,[D831400] 주석 - 정부보조금 - 연결 | Notes - Government grants - Consolidated financial statements
,비금융업,주석,별도,'Presentation Link'!A21621,[D831405] 주석 - 정부보조금 - 별도 | Notes - Government grants - Separate financial statements
,비금융업,주석,연결,'Presentation Link'!A21636,[D832410] 주석 - 자산손상 - 연결 | Notes - Impairment of assets - Consolidated financial statements
,비금융업,주석,별도,'Presentation Link'!A21745,[D832415] 주석 - 자산손상 - 별도 | Notes - Impairment of assets - Separate financial statements
,비금융업,주석,연결,'Presentation Link'!A21854,[D832610] 주석 - 리스(자산및부채) - 연결 | Notes - Leases - Consolidated financial statements
,비금융업,주석,별도,'Presentation Link'!A21986,[D832615] 주석 - 리스(자산및부채) - 별도 | Notes - Leases - Separate financial statements
,비금융업,주석,연결,'Presentation Link'!A22118,[D832620] 주석 - 리스부채 - 연결 | Notes - Lease liabilities - Consolidated financial statements
,비금융업,주석,별도,'Presentation Link'!A22164,[D832625] 주석 - 리스부채 - 별도 | Notes - Lease liabilities - Separate financial statements
,비금융업,주석,연결,'Presentation Link'!A22210,[D832900] 주석 - 민간투자사업 - 연결 | Notes - Service concession arrangements - Consolidated financial statements
,비금융업,주석,별도,'Presentation Link'!A22240,[D832905] 주석 - 민간투자사업 - 별도 | Notes - Service concession arrangements - Separate financial statements
,비금융업,주석,연결,'Presentation Link'!A22270,[D834120] 주석 - 주식기준보상 - 연결 | Notes - Share-based payment arrangements - Consolidated financial statements
,비금융업,주석,별도,'Presentation Link'!A22408,[D834125] 주석 - 주식기준보상 - 별도 | Notes - Share-based payment arrangements - Separate financial statements
,비금융업,주석,연결,'Presentation Link'!A22546,[D834300] 주석 - 비용의 성격별 분류 - 연결 | Notes - Expenses by nature - Consolidated financial statements
,비금융업,주석,별도,'Presentation Link'!A22599,[D834305] 주석 - 비용의 성격별 분류 - 별도 | Notes - Expenses by nature - Separate financial statements
,비금융업,주석,연결,'Presentation Link'!A22652,"[D834310] 주석 - 판매비와 관리비 - 연결 | Notes - Selling, general and administrative expense - Consolidated financial statements"
,비금융업,주석,별도,'Presentation Link'!A22757,"[D834315] 주석 - 판매비와 관리비 - 별도 | Notes - Selling, general and administrative expense - Separate financial statements"
,비금융업,주석,연결,'Presentation Link'!A22862,[D834320] 주석 - 기타수익과 기타비용 - 연결 | Notes - Other income and expense - Consolidated financial statements
,비금융업,주석,별도,'Presentation Link'!A23010,[D834325] 주석 - 기타수익과 기타비용 - 별도 | Notes - Other income and expense - Separate financial statements
,비금융업,주석,연결,'Presentation Link'!A23158,[D834330] 주석 - 금융수익과 금융비용 - 연결 | Notes - Finance income and expense - Consolidated financial statements
,비금융업,주석,별도,'Presentation Link'!A23185,[D834335] 주석 - 금융수익과 금융비용 - 별도 | Notes - Finance income and expense - Separate financial statements
,비금융업,주석,연결,'Presentation Link'!A23212,[D834480] 주석 - 종업원급여 - 연결 | Notes - Employee benefits - Consolidated financial statements
,비금융업,주석,별도,'Presentation Link'!A23530,[D834485] 주석 - 종업원급여 - 별도 | Notes - Employee benefits - Separate financial statements
,비금융업,주석,연결,'Presentation Link'!A23848,[D835110] 주석 - 법인세 - 연결 | Notes - Income taxes - Consolidated financial statements
,비금융업,주석,별도,'Presentation Link'!A23999,[D835115] 주석 - 법인세 - 별도 | Notes - Income taxes - Separate financial statements
,비금융업,주석,연결,'Presentation Link'!A24150,[D836200] 주석 - 차입원가 - 연결 | Notes - Borrowing costs - Consolidated financial statements
,비금융업,주석,별도,'Presentation Link'!A24169,[D836205] 주석 - 차입원가 - 별도 | Notes - Borrowing costs - Separate financial statements
,비금융업,주석,연결,'Presentation Link'!A24188,[D836500] 주석 - 보험계약 - 연결 | Notes - Insurance contracts - Consolidated financial statements
,비금융업,주석,별도,'Presentation Link'!A24599,[D836505] 주석 - 보험계약 - 별도 | Notes - Insurance contracts - Separate financial statements
,비금융업,주석,연결,'Presentation Link'!A25010,[D836600] 주석 - 보험계약 (IFRS 17) - 연결 | Notes - Insurance contracts (IFRS 17) - Consolidated financial statements
,비금융업,주석,별도,'Presentation Link'!A25444,[D836605] 주석 - 보험계약 (IFRS 17) - 별도 | Notes - Insurance contracts (IFRS 17) - Separate financial statements
,비금융업,주석,연결,'Presentation Link'!A25878,[D838000] 주석 - 주당이익 - 연결 | Notes - Earnings per share - Consolidated financial statements
,비금융업,주석,별도,'Presentation Link'!A25968,[D838005] 주석 - 주당이익 - 별도 | Notes - Earnings per share - Separate financial statements
,비금융업,주석,연결,'Presentation Link'!A26058,[D842000] 주석 - 환율변동효과 - 연결 | Notes - Effects of changes in foreign exchange rates - Consolidated financial statements
,비금융업,주석,별도,'Presentation Link'!A26084,[D842005] 주석 - 환율변동효과 - 별도 | Notes - Effects of changes in foreign exchange rates - Separate financial statements
,비금융업,주석,연결,'Presentation Link'!A26110,[D851100] 주석 - 현금흐름표 - 연결 | Notes - Cash flow statement - Consolidated financial statements
,비금융업,주석,별도,'Presentation Link'!A26294,[D851105] 주석 - 현금흐름표 - 별도 | Notes - Cash flow statement - Separate financial statements
,비금융업,주석,연결,'Presentation Link'!A26478,[D861000] 주석 - 기타포괄손익의 항목별 분석 - 연결 | Notes - Analysis of other comprehensive income by item - Consolidated financial statements
,비금융업,주석,별도,'Presentation Link'!A26565,[D861005] 주석 - 기타포괄손익의 항목별 분석 - 별도 | Notes - Analysis of other comprehensive income by item - Separate financial statements
,비금융업,주석,연결,'Presentation Link'!A26652,"[D861200] 주석 - 자본금, 적립금, 기타지분 - 연결 | Notes - Share capital, reserves and other equity interest - Consolidated financial statements"
,비금융업,주석,별도,'Presentation Link'!A26719,"[D861205] 주석 - 자본금, 적립금, 기타지분 - 별도 | Notes - Share capital, reserves and other equity interest - Separate financial statements"
,비금융업,주석,연결,'Presentation Link'!A26786,[D861300] 주석 - 이익잉여금 처분계산서 - 연결 | Notes - Statement of Appropriation of Retained Earnings - Consolidated financial statements
,비금융업,주석,별도,'Presentation Link'!A26822,[D861305] 주석 - 이익잉여금 처분계산서 - 별도 | Notes - Statement of Appropriation of Retained Earnings - Separate financial statements
,비금융업,주석,연결,'Presentation Link'!A26858,[D861310] 주석 - 배당금 - 연결 | Notes - Dividends - Consolidated financial statements
,비금융업,주석,별도,'Presentation Link'!A26885,[D861315] 주석 - 배당금 - 별도 | Notes - Dividends - Separate financial statements
,비금융업,주석,연결,'Presentation Link'!A26912,[D861400] 주석 - 기타자본구성요소 - 연결 | Notes - Other Elements Of Stockholder's Equity - Consolidated financial statements
,비금융업,주석,별도,'Presentation Link'!A26938,[D861405] 주석 - 기타자본구성요소 - 별도 | Notes - Other Elements Of Stockholder's Equity - Separate financial statements
,비금융업,주석,연결,'Presentation Link'!A26964,"[D868200] 주석 - 사후처리, 복구, 정화를 위한 기금에서 발생한 지분에 대한 권리 - 연결 | Notes - Rights to interests arising from decommissioning, restoration and environmental rehabilitation funds - Consolidated financial statements"
,비금융업,주석,별도,'Presentation Link'!A26976,"[D868205] 주석 - 사후처리, 복구, 정화를 위한 기금에서 발생한 지분에 대한 권리 - 별도 | Notes - Rights to interests arising from decommissioning, restoration and environmental rehabilitation funds - Separate financial statements"
,비금융업,주석,연결,'Presentation Link'!A26988,[D868500] 주석 - 조합원 지분과 유사지분 - 연결 | Notes - Members' shares in co-operative entities and similar instruments - Consolidated financial statements
,비금융업,주석,별도,'Presentation Link'!A27000,[D868505] 주석 - 조합원 지분과 유사지분 - 별도 | Notes - Members' shares in co-operative entities and similar instruments - Separate financial statements
,비금융업,주석,연결,'Presentation Link'!A27012,[D871100] 주석 - 영업부문 - 연결 | Notes - Operating segments - Consolidated financial statements
,비금융업,주석,별도,'Presentation Link'!A27099,[D871105] 주석 - 영업부문 - 별도 | Notes - Operating segments - Separate financial statements
,비금융업,주석,연결,'Presentation Link'!A27186,[D880000] 주석 - 추가정보 - 연결 | Notes - Additional information - Consolidated financial statements
,비금융업,주석,별도,'Presentation Link'!A27226,[D880005] 주석 - 추가정보 - 별도 | Notes - Additional information - Separate financial statements
,비금융업,주석,별도,'Presentation Link'!A27266,[D999001] 보고서정보 - 문서 정보 | Document Information
,비금융업,주석,별도,'Presentation Link'!A27282,[D999002] 보고서정보 - 기간 정보 | Period Information
,비금융업,주석,별도,'Presentation Link'!A27301,[D999003] 보고서정보 - 감사 정보 | Audit Information
,비금융업,주석,별도,'Presentation Link'!A27326,[D999004] 보고서정보 - 기업 정보 | Entity Information
,비금융업,주석,별도,'Presentation Link'!A27348,[D999005] 보고서정보 - 주소 정보 | Entity Address Information
,비금융업,주석,별도,'Presentation Link'!A27361,[D999006] 보고서정보 - 작성자 정보 | Author Information
,비금융업,주석,별도,'Presentation Link'!A27380,[D999007] 보고서정보 - 재무제표 정보 | Financial Statement Information
,금융업(은행),재무제표 본문,연결,'Presentation Link'!A27397,"[DB220000] 재무상태표, 은행 - 연결 | Statement of Financial Position, Deposit Based - Consolidated financial statements"
,금융업(은행),재무제표 본문,별도,'Presentation Link'!A27485,"[DB220005] 재무상태표, 은행 - 별도 | Statement of Financial Position, Deposit Based - Separate financial statements"
,금융업(은행),재무제표 본문,연결,'Presentation Link'!A27570,"[DB320000] 포괄손익계산서, 은행 - 연결 | Statement of Comprehensive Income, Deposit Based - Consolidated financial statements"
,금융업(은행),재무제표 본문,별도,'Presentation Link'!A27707,"[DB320005] 포괄손익계산서, 은행 - 별도 | Statement of Comprehensive Income, Deposit Based - Separate financial statements"
,금융업(은행),재무제표 본문,연결,'Presentation Link'!A27844,"[DB520000] 현금흐름표, 은행 - 연결 | Statement of Cash Flows, Deposit Based - Consolidated financial statements"
,금융업(은행),재무제표 본문,별도,'Presentation Link'!A28121,"[DB520005] 현금흐름표, 은행 - 별도 | Statement of Cash Flows, Deposit Based - Separate financial statements"
,금융업(은행),재무제표 본문,연결,'Presentation Link'!A28398,"[DB610000] 자본변동표, 은행 - 연결 | Statement of Changes in Equity, Deposit Based - Consolidated financial statements"
,금융업(은행),재무제표 본문,별도,'Presentation Link'!A28494,"[DB610005] 자본변동표, 은행 - 별도 | Statement of Changes in Equity, Deposit Based - Separate financial statements"
,금융업(은행),주석,연결,'Presentation Link'!A28588,"[DB801000] 주석 - 회사의 개요, 은행 - 연결 | Notes - Corporate information, Deposit Based - Consolidated"
,금융업(은행),주석,연결,'Presentation Link'!A28607,"[DB802000] 주석 - 재무제표 작성기준 및 중요한 회계정책, 은행 - 연결 | Notes - Basis of preparation of financial statements and accounting policies, Deposit Based - Consolidated"
,금융업(은행),주석,연결,'Presentation Link'!A28713,"[DB803000] 주석 - 중요한 판단과 추정불확실성의 주요 원천, 은행 - 연결 | Notes - Significant judgements and sources of estimation uncertainty , Deposit Based - Consolidated"
,금융업(은행),주석,연결,'Presentation Link'!A28734,"[DB804000] 주석 - 부문정보, 은행 - 연결 | Notes - Operating segments, Deposit Based - Consolidated"
,금융업(은행),주석,연결,'Presentation Link'!A28821,"[DB805000] 주석 - 사용제한 금융자산, 은행 - 연결 | Notes - Restricted financial assets, Deposit Based - Consolidated"
,금융업(은행),주석,연결,'Presentation Link'!A28847,"[DB806000] 주석 - 담보제공자산, 은행 - 연결 | Notes - Assets pledged as collateral, Deposit Based - Consolidated"
,금융업(은행),주석,연결,'Presentation Link'!A28877,"[DB807000] 주석 - 당기손익-공정가치측정금융자산, 은행 - 연결 | Notes - Financial assets at fair value through profit or loss, Deposit Based - Consolidated"
,금융업(은행),주석,연결,'Presentation Link'!A28912,"[DB808000] 주석 - 기타포괄손익-공정가치측정금융자산, 은행 - 연결 | Notes - Financial assets at fair value through other comprehensive income, Deposit Based - Consolidated"
,금융업(은행),주석,연결,'Presentation Link'!A29017,"[DB809000] 주석 - 상각후원가측정금융자산, 은행 - 연결 | Notes - Financial assets at amortised cost, Deposit Based - Consolidated"
,금융업(은행),주석,연결,'Presentation Link'!A29223,"[DB810000] 주석 - 기타자산, 은행 - 연결 | Notes - Other assets, Deposit Based - Consolidated"
,금융업(은행),주석,연결,'Presentation Link'!A29270,"[DB811000] 주석 - 종속기업, 공동기업과 관계기업에 대한 투자자산, 은행 - 연결 | Notes - Interests in subsidiaries, joint ventures and associates, Deposit Based - Consolidated"
,금융업(은행),주석,연결,'Presentation Link'!A29493,"[DB812000] 주석 - 유형자산, 은행 - 연결 | Notes - Property, plant and equipment, Deposit Based - Consolidated"
,금융업(은행),주석,연결,'Presentation Link'!A29598,"[DB813000] 주석 - 투자부동산, 은행 - 연결 | Notes - Investment property, Deposit Based - Consolidated"
,금융업(은행),주석,연결,'Presentation Link'!A29676,"[DB814100] 주석 - 리스/사용권자산, 은행 - 연결 | Notes - Right-of-use assets, Deposit Based - Consolidated"
,금융업(은행),주석,연결,'Presentation Link'!A29727,"[DB814200] 주석 - 리스/리스부채, 은행 - 연결 | Notes - Lease liabilites, Deposit Based - Consolidated"
,금융업(은행),주석,연결,'Presentation Link'!A29788,"[DB814300] 주석 - 리스/금융리스채권, 은행 - 연결 | Notes - Finance lease receivables, Deposit Based - Consolidated"
,금융업(은행),주석,연결,'Presentation Link'!A29812,"[DB815000] 주석 - 무형자산, 은행 - 연결 | Notes - Intangible assets, Deposit Based - Consolidated"
,금융업(은행),주석,연결,'Presentation Link'!A29992,"[DB816000] 주석 - 당기손익-공정가치측정금융부채, 은행 - 연결 | Notes - Financial liabilities at fair value through profit or loss, Deposit Based - Consolidated"
,금융업(은행),주석,연결,'Presentation Link'!A30047,"[DB817000] 주석 - 차입부채, 은행 - 연결 | Notes - Borrowings, Deposit Based - Consolidated"
,금융업(은행),주석,연결,'Presentation Link'!A30079,"[DB818000] 주석 - 기타금융부채, 은행 - 연결 | Notes - Other financial liabilities, Deposit Based - Consolidated"
,금융업(은행),주석,연결,'Presentation Link'!A30122,"[DB819000] 주석 - 파생상품, 은행 - 연결 | Notes - Derivatives, Deposit Based - Consolidated"
,금융업(은행),주석,연결,'Presentation Link'!A30337,"[DB820000] 주석 - 순확정급여부채(자산), 은행 - 연결 | Notes - Net defined benefit liability (asset), Deposit Based - Consolidated"
,금융업(은행),주석,연결,'Presentation Link'!A30651,"[DB821000] 주석 - 충당부채, 은행 - 연결 | Notes - Provisions, Deposit Based - Consolidated"
,금융업(은행),주석,연결,'Presentation Link'!A30700,"[DB822000] 주석 - 예수부채, 은행 - 연결 | Notes - Deposits from customers, Deposit Based - Consolidated"
,금융업(은행),주석,연결,'Presentation Link'!A30722,"[DB823000] 주석 - 기타부채, 은행 - 연결 | Notes - Other liabilities, Deposit Based - Consolidated"
,금융업(은행),주석,연결,'Presentation Link'!A30764,"[DB824000] 주석 - 자본, 은행 - 연결 | Notes - Equity, Deposit Based - Consolidated"
,금융업(은행),주석,연결,'Presentation Link'!A30831,"[DB825000] 주석 - 순수수료손익, 은행 - 연결 | Notes - Net fee and commission income (expense), Deposit Based - Consolidated"
,금융업(은행),주석,연결,'Presentation Link'!A30862,"[DB826000] 주석 - 순이자손익, 은행 - 연결 | Notes - Net Interest income (expense), Deposit Based - Consolidated"
,금융업(은행),주석,연결,'Presentation Link'!A30905,"[DB827000] 주석 - 배당수익, 은행 - 연결 | Notes - Dividend income, Deposit Based - Consolidated"
,금융업(은행),주석,연결,'Presentation Link'!A30916,"[DB829000] 주석 - 기타영업손익, 은행 - 연결 | Notes - Other operating income (expense), Deposit Based - Consolidated"
,금융업(은행),주석,연결,'Presentation Link'!A30939,"[DB830000] 주석 - 판매비와관리비, 은행 - 연결 | Notes - Selling, general and administrative expense, Deposit Based - Consolidated"
,금융업(은행),주석,연결,'Presentation Link'!A30985,"[DB831000] 주석 - 영업외손익, 은행 - 연결 | Notes - Non-operating income (expense), Deposit Based - Consolidated"
,금융업(은행),주석,연결,'Presentation Link'!A31009,"[DB832000] 주석 - 법인세, 은행 - 연결 | Notes - Income tax, Deposit Based - Consolidated"
,금융업(은행),주석,연결,'Presentation Link'!A31160,"[DB833000] 주석 - 매각예정자산과 중단영업, 은행 - 연결 | Notes - Non-current assets held for sale and discontinued operations, Deposit Based - Consolidated"
,금융업(은행),주석,연결,'Presentation Link'!A31209,"[DB834000] 주석 - 주당이익(손실), 은행 - 연결 | Notes - Earnings (loss) per share, Deposit Based - Consolidated"
,금융업(은행),주석,연결,'Presentation Link'!A31299,"[DB835100] 주석 - 금융상품/위험관리, 은행 - 연결 | Notes - Credit risk management, Deposit Based - Consolidated"
,금융업(은행),주석,연결,'Presentation Link'!A31789,"[DB835200] 주석 - 금융상품/공정가치, 은행 - 연결 | Notes - Fair value and book value of assets and liabilities, Deposit Based - Consolidated"
,금융업(은행),주석,연결,'Presentation Link'!A32696,"[DB835300] 주석 - 금융상품/범주별 금융상품, 은행 - 연결 | Notes - Financial instruments by category, Deposit Based - Consolidated"
,금융업(은행),주석,연결,'Presentation Link'!A32807,"[DB835410] 주석 - 금융상품/금융자산의 양도, 은행 - 연결 | Notes - Transfers of financial assets, Deposit Based - Consolidated"
,금융업(은행),주석,연결,'Presentation Link'!A32913,"[DB835420] 주석 - 금융상품/금융자산과 금융부채의 상계, 은행 - 연결 | Notes - Offsetting of financial assets and financial liabilities, Deposit Based - Consolidated"
,금융업(은행),주석,연결,'Presentation Link'!A32965,"[DB836000] 주석 - 주식기준보상, 은행 - 연결 | Notes - Share-based payment, Deposit Based - Consolidated"
,금융업(은행),주석,연결,'Presentation Link'!A33079,"[DB837000] 주석 - 특수관계자거래, 은행 - 연결 | Notes - Related party, Deposit Based - Consolidated"
,금융업(은행),주석,연결,'Presentation Link'!A33198,"[DB838000] 주석 - 사업결합, 은행 - 연결 | Notes - Business combination, Deposit Based - Consolidated"
,금융업(은행),주석,연결,'Presentation Link'!A33395,"[DB839000] 주석 - 현금흐름표, 은행 - 연결 | Notes - Cash flow, Deposit Based - Consolidated"
,금융업(은행),주석,연결,'Presentation Link'!A33453,"[DB840000] 주석 - 우발부채, 우발자산 및 약정사항, 은행 - 연결 | Notes - Contingent liabilities, contingent asset and commitments, Deposit Based - Consolidated"
,금융업(은행),주석,연결,'Presentation Link'!A33530,"[DB841000] 주석 - 비연결구조화기업, 은행 - 연결 | Notes - Unconsolidated structured entities, Deposit Based - Consolidated"
,금융업(은행),주석,연결,'Presentation Link'!A33575,"[DB842000] 주석 - 재무제표의 승인, 은행 - 연결 | Notes - Authorisation of financial statements, Deposit Based - Consolidated"
,금융업(은행),주석,연결,'Presentation Link'!A33586,"[DB843000] 주석 - 보고기간후사건, 은행 - 연결 | Notes - Events after reporting period, Deposit Based - Consolidated"
,금융업(은행),주석,별도,'Presentation Link'!A33623,"[DB844005] 주석 - 신탁계정, 은행 - 별도 | Notes - Trust account, Deposit Based - Separate"
,금융업(은행),주석,연결,'Presentation Link'!A33784,"[DB845000] 주석 - 대손준비금, 은행 - 연결 | Notes - Regulatory reserve for credit loss, Deposit Based - Consolidated"
,금융업(은행),주석,별도,'Presentation Link'!A33815,"[DB846005] 주석 - 이익잉여금 처분계산서, 은행 - 별도 | Notes - Statement of appropriation of retained earnings, Deposit Based - Separate"
,금융업(은행),주석,연결,'Presentation Link'!A33849,"[DB846100] 주석 - 배당금, 은행 - 연결 | Notes - Dividends, Deposit Based - Consolidated"
,금융업(보험),재무제표 본문,연결,'Presentation Link'!A33876,"[DI220000] 재무상태표, 보험 - 연결 | Statement of Financial Position, Insurance Based - Consolidated financial statements"
,금융업(보험),재무제표 본문,별도,'Presentation Link'!A33960,"[DI220005] 재무상태표, 보험 - 별도 | Statement of Financial Position, Insurance Based - Separate financial statements"
,금융업(보험),재무제표 본문,연결,'Presentation Link'!A34043,"[DI320000] 포괄손익계산서, 보험 - 연결 | Statement of Comprehensive Income, Insurance Based - Consolidated financial statements"
,금융업(보험),재무제표 본문,별도,'Presentation Link'!A34148,"[DI320005] 포괄손익계산서, 보험 - 별도 | Statement of Comprehensive Income, Insurance Based - Separate financial statements"
,금융업(보험),재무제표 본문,연결,'Presentation Link'!A34239,"[DI520000] 현금흐름표, 보험 - 연결 | Statement of Cash Flows, Insurance Based - Consolidated financial statements"
,금융업(보험),재무제표 본문,별도,'Presentation Link'!A34531,"[DI520005] 현금흐름표, 보험 - 별도 | Statement of Cash Flows, Insurance Based - Separate financial statements"
,금융업(보험),재무제표 본문,연결,'Presentation Link'!A34823,"[DI610000] 자본변동표, 보험 - 연결 | Statement of Changes in Equity, Insurance Based - Consolidated financial statements"
,금융업(보험),재무제표 본문,별도,'Presentation Link'!A34921,"[DI610005] 자본변동표, 보험 - 별도 | Statement of Changes in Equity, Insurance Based - Separate financial statements"
,금융업(보험),주석,연결,'Presentation Link'!A35011,"[DI801000] 주석 - 회사의 개요, 보험 - 연결 | Notes - Corporate information, Insurance Based - Consolidated"
,금융업(보험),주석,연결,'Presentation Link'!A35030,"[DI802000] 주석 - 재무제표 작성기준 및 중요한 회계정책, 보험 - 연결 | Notes - Basis of preparation of financial statements and accounting policies, Insurance Based - Consolidated"
,금융업(보험),주석,연결,'Presentation Link'!A35136,"[DI803000] 주석 - 중요한 판단과 추정불확실성의 주요 원천, 보험 - 연결 | Notes - Significant judgements and sources of estimation uncertainty , Insurance Based - Consolidated"
,금융업(보험),주석,연결,'Presentation Link'!A35147,"[DI804000] 주석 - 부문정보, 보험 - 연결 | Notes - Operating segments, Insurance Based - Consolidated"
,금융업(보험),주석,연결,'Presentation Link'!A35234,"[DI805000] 주석 - 사용제한 금융자산, 보험 - 연결 | Notes - Restricted financial assets, Insurance Based - Consolidated"
,금융업(보험),주석,연결,'Presentation Link'!A35257,"[DI806000] 주석 - 담보제공자산, 보험 - 연결 | Notes - Assets pledged as collateral, Insurance Based - Consolidated"
,금융업(보험),주석,연결,'Presentation Link'!A35287,"[DI807000] 주석 - 당기손익-공정가치측정금융자산(IFRS9), 보험 - 연결 | Notes - Financial assets at fair value through profit or loss(IFRS9), Insurance Based - Consolidated"
,금융업(보험),주석,연결,'Presentation Link'!A35322,"[DI809000] 주석 - 기타포괄손익-공정가치측정금융자산(IFRS9), 보험 - 연결 | Notes - Financial assets at fair value through other comprehensive income(IFRS9), Insurance Based - Consolidated"
,금융업(보험),주석,연결,'Presentation Link'!A35423,"[DI810000] 주석 - 상각후원가측정금융자산(IFRS9), 보험 - 연결 | Notes - Financial assets at amortised cost(IFRS9), Insurance Based - Consolidated"
,금융업(보험),주석,연결,'Presentation Link'!A35555,"[DI815000] 주석 - 기타자산, 보험 - 연결 | Notes - Other assets, Insurance Based - Consolidated"
,금융업(보험),주석,연결,'Presentation Link'!A35602,"[DI816000] 주석 - 종속기업 및 관계기업, 보험 - 연결 | Notes - Subsidiaries and associates, Insurance Based - Consolidated"
,금융업(보험),주석,연결,'Presentation Link'!A35825,"[DI817000] 주석 - 보험계약 (IFRS 17), 보험 - 연결 | Notes - Insurance contracts (IFRS 17), Insurance Based - Consolidated"
,금융업(보험),주석,연결,'Presentation Link'!A36265,"[DI817100] 주석 - 보험계약 (IFRS 17)/보험계약부채(자산)의 변동, 발행한 보험계약, 보험 - 연결 | Notes - Insurance Contracts (IFRS 17)/Changes in insurance contracts, Insurance Contracts Issued, Insurance Based - Consolidated"
,금융업(보험),주석,연결,'Presentation Link'!A36396,"[DI817200] 주석 - 보험계약 (IFRS 17)/재보험계약자산(부채)의 변동, 보유 재보험계약, 보험 - 연결 | Notes - Insurance Contracts (IFRS 17)/Changes in reinsurance contracts, Reinsurance Contracts Held, Insurance Based - Consolidated"
,금융업(보험),주석,연결,'Presentation Link'!A36535,"[DI817300] 주석 - 보험계약 (IFRS 17)/보험계약의 정보, 보험 - 연결 | Notes - Insurance Contracts (IFRS 17)/Information of insurance contracts, Insurance Based - Consolidated"
,금융업(보험),주석,연결,'Presentation Link'!A36750,"[DI817400] 주석 - 보험계약 (IFRS 17)/보험서비스결과 분석, 보험 - 연결 | Notes - Insurance Contracts (IFRS 17)/Analysis of insurance service results, Insurance Based - Consolidated"
,금융업(보험),주석,연결,'Presentation Link'!A36825,"[DI817500] 주석 - 보험계약 (IFRS 17)/재보험서비스결과 분석, 보험 - 연결 | Notes - Insurance Contracts (IFRS 17)/Analysis of reinsurance service results, Insurance Based - Consolidated"
,금융업(보험),주석,연결,'Presentation Link'!A36896,"[DI817600] 주석 - 보험계약 (IFRS 17)/보험금융수익(비용) 분석, 보험 - 연결 | Notes - Insurance Contracts (IFRS 17)/Analysis of insurance finance income(expenses), Insurance Based - Consolidated"
,금융업(보험),주석,연결,'Presentation Link'!A36935,"[DI818100] 주석 - 위험관리, 보험계약(IFRS 17), 보험 - 연결 | Notes - Risk management, Insurance Contracts (IFRS 17), Insurance Based - Consolidated"
,금융업(보험),주석,연결,'Presentation Link'!A37197,"[DI818200] 주석 - 위험관리, 금융상품, 보험 - 연결 | Notes - Risk management, Financial instruments, Insurance Based - Consolidated"
,금융업(보험),주석,연결,'Presentation Link'!A37678,"[DI821000] 주석 - 유형자산, 보험 - 연결 | Notes - Property, plant and equipment, Insurance Based - Consolidated"
,금융업(보험),주석,연결,'Presentation Link'!A37783,"[DI822000] 주석 - 투자부동산, 보험 - 연결 | Notes - Investment property, Insurance Based - Consolidated"
,금융업(보험),주석,연결,'Presentation Link'!A37861,"[DI823100] 주석 - 리스/사용권자산, 보험 - 연결 | Notes - Right-of-use assets, Insurance Based - Consolidated"
,금융업(보험),주석,연결,'Presentation Link'!A37912,"[DI823200] 주석 - 리스 및 리스부채(리스이용자), 보험 - 연결 | Notes - Leases, Insurance Based - Consolidated"
,금융업(보험),주석,연결,'Presentation Link'!A37960,"[DI823300] 주석 - 금융리스채권, 보험 - 연결 | Notes - Finance lease receivables, Insurance Based - Consolidated"
,금융업(보험),주석,연결,'Presentation Link'!A37984,"[DI824000] 주석 - 무형자산, 보험 - 연결 | Notes - Intangible assets, Insurance Based - Consolidated"
,금융업(보험),주석,연결,'Presentation Link'!A38164,"[DI825000] 주석 - 당기손익-공정가치측정금융부채, 보험 - 연결 | Notes - Financial liabilities at fair value through profit or loss, Insurance Based - Consolidated"
,금융업(보험),주석,연결,'Presentation Link'!A38225,"[DI827000] 주석 - 계약자지분조정, 보험 - 연결 | Notes - Policyholders' equity adjustment, Insurance Based - Consolidated"
,금융업(보험),주석,연결,'Presentation Link'!A38258,"[DI828000] 주석 - 차입부채, 보험 - 연결 | Notes - Borrowings, Insurance Based - Consolidated"
,금융업(보험),주석,연결,'Presentation Link'!A38290,"[DI829000] 주석 - 기타금융부채, 보험 - 연결 | Notes - Other financial liabilities, Insurance Based - Consolidated"
,금융업(보험),주석,연결,'Presentation Link'!A38333,"[DI830000] 주석 - 파생상품, 보험 - 연결 | Notes - Derivatives, Insurance Based - Consolidated"
,금융업(보험),주석,연결,'Presentation Link'!A38552,"[DI831000] 주석 - 순확정급여부채(자산), 보험 - 연결 | Notes - Net defined benefit liability (asset), Insurance Based - Consolidated"
,금융업(보험),주석,연결,'Presentation Link'!A38866,"[DI832000] 주석 - 충당부채, 보험 - 연결 | Notes - Provisions, Insurance Based - Consolidated"
,금융업(보험),주석,연결,'Presentation Link'!A38915,"[DI833000] 주석 - 기타부채, 보험 - 연결 | Notes - Other liabilities, Insurance Based - Consolidated"
,금융업(보험),주석,연결,'Presentation Link'!A38957,"[DI834000] 주석 - 자본, 보험 - 연결 | Notes - Equity, Insurance Based - Consolidated"
,금융업(보험),주석,연결,'Presentation Link'!A39024,"[DI840000] 주석 - 재산관리비, 보험 - 연결 | Notes - Selling, general and administrative expense, Insurance Based - Consolidated"
,금융업(보험),주석,연결,'Presentation Link'!A39070,"[DI841000] 주석 - 순수수료손익, 보험 - 연결 | Notes - Net fee and commission income (expense), Insurance Based - Consolidated"
,금융업(보험),주석,연결,'Presentation Link'!A39101,"[DI842000] 주석 - 순이자손익, 보험 - 연결 | Notes - Net Interest income (expense), Insurance Based - Consolidated"
,금융업(보험),주석,연결,'Presentation Link'!A39144,"[DI843000] 주석 - 배당수익, 보험 - 연결 | Notes - Dividend income, Insurance Based - Consolidated"
,금융업(보험),주석,연결,'Presentation Link'!A39155,"[DI845000] 주석 - 기타영업손익, 보험 - 연결 | Notes - Other operating income (expense), Insurance Based - Consolidated"
,금융업(보험),주석,연결,'Presentation Link'!A39178,"[DI846000] 주석 - 영업외손익, 보험 - 연결 | Notes - Non-operating income (expense), Insurance Based - Consolidated"
,금융업(보험),주석,연결,'Presentation Link'!A39202,"[DI847000] 주석 - 법인세, 보험 - 연결 | Notes - Income tax, Insurance Based - Consolidated"
,금융업(보험),주석,연결,'Presentation Link'!A39353,"[DI848000] 주석 - 매각예정자산과 중단영업, 보험 - 연결 | Notes - Non-current asset held for sale and discontinued operations, Insurance Based - Consolidated"
,금융업(보험),주석,연결,'Presentation Link'!A39402,"[DI849000] 주석 - 주당이익(손실), 보험 - 연결 | Notes - Earnings (loss) per share, Insurance Based - Consolidated"
,금융업(보험),주석,연결,'Presentation Link'!A39492,"[DI850200] 주석 - 공정가치, 보험 - 연결 | Notes - Fair value, Insurance Based - Consolidated"
,금융업(보험),주석,연결,'Presentation Link'!A40368,"[DI850300] 주석 - 범주별 금융상품, 보험 - 연결 | Notes - Financial instruments by category, Insurance Based - Consolidated"
,금융업(보험),주석,연결,'Presentation Link'!A40471,"[DI850410] 주석 - 금융상품/금융자산의 양도, 보험 - 연결 | Notes - Transfers of financial assets, Insurance Based - Consolidated"
,금융업(보험),주석,연결,'Presentation Link'!A40577,"[DI850420] 주석 - 금융상품/금융자산과 금융부채의 상계, 보험 - 연결 | Notes - Offsetting of financial assets and financial liabilities, Insurance Based - Consolidated"
,금융업(보험),주석,연결,'Presentation Link'!A40629,"[DI851000] 주석 - 주식기준보상, 보험 - 연결 | Notes - Share-based payment, Insurance Based - Consolidated"
,금융업(보험),주석,연결,'Presentation Link'!A40743,"[DI852000] 주석 - 특수관계자거래, 보험 - 연결 | Notes - Related party, Insurance Based - Consolidated"
,금융업(보험),주석,연결,'Presentation Link'!A40862,"[DI853000] 주석 - 사업결합, 보험 - 연결 | Notes - Business combination, Insurance Based - Consolidated"
,금융업(보험),주석,연결,'Presentation Link'!A41059,"[DI854000] 주석 - 현금흐름표, 보험 - 연결 | Notes - Cash flow, Insurance Based - Consolidated"
,금융업(보험),주석,연결,'Presentation Link'!A41117,"[DI855000] 주석 - 우발부채 및 약정사항, 보험 - 연결 | Notes - Contingent liabilities and commitments, Insurance Based - Consolidated"
,금융업(보험),주석,연결,'Presentation Link'!A41175,"[DI856000] 주석 - 비연결구조화기업, 보험 - 연결 | Notes - Unconsolidated structured entities, Insurance Based - Consolidated"
,금융업(보험),주석,연결,'Presentation Link'!A41220,"[DI857000] 주석 - 재무제표의 승인, 보험 - 연결 | Notes - Authorisation of financial statements, Insurance Based - Consolidated"
,금융업(보험),주석,연결,'Presentation Link'!A41231,"[DI858000] 주석 - 보고기간후사건, 보험 - 연결 | Notes - Events after reporting period, Insurance Based - Consolidated"
,금융업(보험),주석,별도,'Presentation Link'!A41268,"[DI859005] 주석 - 이익잉여금 처분계산서, 보험 - 별도 | Notes - Statement of appropriation of retained earnings, Insurance Based - Separate"
,금융업(보험),주석,연결,'Presentation Link'!A41302,"[DI859100] 주석 - 이익잉여금, 보험 - 연결 | Notes - Disclosure of retained earnings, Insurance Based - Consolidated"
,금융업(증권),재무제표 본문,연결,'Presentation Link'!A41350,"[DS220000] 재무상태표, 증권 - 연결 | Statement of Financial Position, Securities Based - Consolidated financial statements"
,금융업(증권),재무제표 본문,별도,'Presentation Link'!A41434,"[DS220005] 재무상태표, 증권 - 별도 | Statement of Financial Position, Securities Based - Separate financial statements"
,금융업(증권),재무제표 본문,연결,'Presentation Link'!A41515,"[DS320000] 포괄손익계산서, 증권 - 연결 | Statement of Comprehensive Income, Securities Based - Consolidated financial statements"
,금융업(증권),재무제표 본문,별도,'Presentation Link'!A41640,"[DS320005] 포괄손익계산서, 증권 - 별도 | Statement of Comprehensive Income, Securities Based - Separate financial statements"
,금융업(증권),재무제표 본문,연결,'Presentation Link'!A41765,"[DS520000] 현금흐름표, 증권 - 연결 | Statement of Cash Flows, Securities Based - Consolidated financial statements"
,금융업(증권),재무제표 본문,별도,'Presentation Link'!A41979,"[DS520005] 현금흐름표, 증권 - 별도 | Statement of Cash Flows, Securities Based - Separate financial statements"
,금융업(증권),재무제표 본문,연결,'Presentation Link'!A42193,"[DS610000] 자본변동표, 증권 - 연결 | Statement of Changes in Equity, Securities Based - Consolidated financial statements"
,금융업(증권),재무제표 본문,별도,'Presentation Link'!A42278,"[DS610005] 자본변동표, 증권 - 별도 | Statement of Changes in Equity, Securities Based - Separate financial statements"
,금융업(증권),주석,연결,'Presentation Link'!A42361,"[DS801000] 주석 - 회사의 개요, 증권 - 연결 | Notes - Corporate information, Securities Based - Consolidated"
,금융업(증권),주석,연결,'Presentation Link'!A42380,"[DS802000] 주석 - 재무제표 작성기준 및 중요한 회계정책, 증권 - 연결 | Notes - Basis of preparation of financial statements and accounting policies, Securities Based - Consolidated"
,금융업(증권),주석,연결,'Presentation Link'!A42486,"[DS803000] 주석 - 중요한 판단과 추정불확실성의 주요 원천, 증권 - 연결 | Notes - Significant judgements and sources of estimation uncertainty , Securities Based - Consolidated"
,금융업(증권),주석,연결,'Presentation Link'!A42507,"[DS804000] 주석 - 부문정보, 증권 - 연결 | Notes - Operating segments, Securities Based - Consolidated"
,금융업(증권),주석,연결,'Presentation Link'!A42594,"[DS805000] 주석 - 사용제한 금융자산, 증권 - 연결 | Notes - Restricted financial assets, Securities Based - Consolidated"
,금융업(증권),주석,연결,'Presentation Link'!A42628,"[DS806000] 주석 - 담보제공자산, 증권 - 연결 | Notes - Assets pledged as collateral, Securities Based - Consolidated"
,금융업(증권),주석,연결,'Presentation Link'!A42663,"[DS807000] 주석 - 당기손익-공정가치측정금융자산, 증권 - 연결 | Notes - Financial assets at fair value through profit or loss, Securities Based - Consolidated"
,금융업(증권),주석,연결,'Presentation Link'!A42702,"[DS808000] 주석 - 기타포괄손익-공정가치측정금융자산, 증권 - 연결 | Notes - Financial assets at fair value through other comprehensive income, Securities Based - Consolidated"
,금융업(증권),주석,연결,'Presentation Link'!A42795,"[DS809000] 주석 - 상각후원가측정금융자산, 증권 - 연결 | Notes - Financial assets at amortised cost, Securities Based - Consolidated"
,금융업(증권),주석,연결,'Presentation Link'!A42921,"[DS810000] 주석 - 기타자산, 증권 - 연결 | Notes - Other assets, Securities Based - Consolidated"
,금융업(증권),주석,연결,'Presentation Link'!A42968,"[DS811000] 주석 - 종속기업, 공동기업과 관계기업에 대한 투자자산, 증권 - 연결 | Notes - Interests in subsidiaries, joint ventures and associates, Securities Based - Consolidated"
,금융업(증권),주석,연결,'Presentation Link'!A43191,"[DS812000] 주석 - 유형자산, 증권 - 연결 | Notes - Property, plant and equipment, Securities Based - Consolidated"
,금융업(증권),주석,연결,'Presentation Link'!A43296,"[DS813000] 주석 - 투자부동산, 증권 - 연결 | Notes - Investment property, Securities Based - Consolidated"
,금융업(증권),주석,연결,'Presentation Link'!A43374,"[DS814100] 주석 - 리스/사용권자산, 증권 - 연결 | Notes - Right-of-use assets, Securities Based - Consolidated"
,금융업(증권),주석,연결,'Presentation Link'!A43425,"[DS814200] 주석 - 리스/리스부채, 증권 - 연결 | Notes - Lease liabilites, Securities Based - Consolidated"
,금융업(증권),주석,연결,'Presentation Link'!A43486,"[DS814300] 주석 - 리스/금융리스채권, 증권 - 연결 | Notes - Finance lease receivables, Securities Based - Consolidated"
,금융업(증권),주석,연결,'Presentation Link'!A43510,"[DS815000] 주석 - 무형자산, 증권 - 연결 | Notes - Intangible assets, Securities Based - Consolidated"
,금융업(증권),주석,연결,'Presentation Link'!A43690,"[DS816000] 주석 - 당기손익-공정가치측정금융부채, 증권 - 연결 | Notes - Financial liabilities at fair value through profit or loss, Securities Based - Consolidated"
,금융업(증권),주석,연결,'Presentation Link'!A43751,"[DS817000] 주석 - 차입부채, 증권 - 연결 | Notes - Borrowings, Securities Based - Consolidated"
,금융업(증권),주석,연결,'Presentation Link'!A43783,"[DS818000] 주석 - 기타금융부채, 증권 - 연결 | Notes - Other financial liabilities, Securities Based - Consolidated"
,금융업(증권),주석,연결,'Presentation Link'!A43826,"[DS819000] 주석 - 파생상품, 증권 - 연결 | Notes - Derivatives, Securities Based - Consolidated"
,금융업(증권),주석,연결,'Presentation Link'!A44069,"[DS820000] 주석 - 순확정급여부채(자산), 증권 - 연결 | Notes - Net defined benefit liability (asset), Securities Based - Consolidated"
,금융업(증권),주석,연결,'Presentation Link'!A44383,"[DS821000] 주석 - 충당부채, 증권 - 연결 | Notes - Provisions, Securities Based - Consolidated"
,금융업(증권),주석,연결,'Presentation Link'!A44432,"[DS822000] 주석 - 예수부채, 증권 - 연결 | Notes - Deposits from customers, Securities Based - Consolidated"
,금융업(증권),주석,연결,'Presentation Link'!A44454,"[DS823000] 주석 - 기타부채, 증권 - 연결 | Notes - Other liabilities, Securities Based - Consolidated"
,금융업(증권),주석,연결,'Presentation Link'!A44496,"[DS824000] 주석 - 예수유가증권, 증권 - 연결 | Notes - Securities of customers in custody, Securities Based - Consolidated "
,금융업(증권),주석,연결,'Presentation Link'!A44515,"[DS825010] 주석 - 대여유가증권, 증권 - 연결 | Notes - Securities loaned, Securities Based - Consolidated"
,금융업(증권),주석,연결,'Presentation Link'!A44533,"[DS825020] 주석 - 차입유가증권, 증권 - 연결 | Notes - Securities borrowed, Securities Based - Consolidated"
,금융업(증권),주석,연결,'Presentation Link'!A44551,"[DS826000] 주석 - 자본, 증권 - 연결 | Notes - Equity, Securities Based - Consolidated"
,금융업(증권),주석,연결,'Presentation Link'!A44618,"[DS827000] 주석 - 순수수료손익, 증권 - 연결 | Notes - Net fee and commission income (expense), Securities Based - Consolidated"
,금융업(증권),주석,연결,'Presentation Link'!A44649,"[DS828000] 주석 - 순이자손익, 증권 - 연결 | Notes - Net Interest income (expense), Securities Based - Consolidated"
,금융업(증권),주석,연결,'Presentation Link'!A44692,"[DS829000] 주석 - 배당수익, 증권 - 연결 | Notes - Dividend income, Securities Based - Consolidated"
,금융업(증권),주석,연결,'Presentation Link'!A44703,"[DS830000] 주석 - 금융상품관련순손익, 증권 - 연결 | Notes - Gains (losses) on financial instruments, Securities Based - Consolidated "
,금융업(증권),주석,연결,'Presentation Link'!A44755,"[DS831000] 주석 - 기타영업손익, 증권 - 연결 | Notes - Other operating income (expense), Securities Based - Consolidated"
,금융업(증권),주석,연결,'Presentation Link'!A44778,"[DS832000] 주석 - 판매비와관리비, 증권 - 연결 | Notes - Selling, general and administrative expense, Securities Based - Consolidated"
,금융업(증권),주석,연결,'Presentation Link'!A44824,"[DS833000] 주석 - 영업외손익, 증권 - 연결 | Notes - Non-operating income (expense), Securities Based - Consolidated"
,금융업(증권),주석,연결,'Presentation Link'!A44848,"[DS834000] 주석 - 법인세, 증권 - 연결 | Notes - Income tax, Securities Based - Consolidated"
,금융업(증권),주석,연결,'Presentation Link'!A44999,"[DS835000] 주석 - 매각예정자산과 중단영업, 증권 - 연결 | Notes - non-current assets held for sale and discontinued operations, Securities Based - Consolidated"
,금융업(증권),주석,연결,'Presentation Link'!A45048,"[DS836000] 주석 - 주당이익(손실), 증권 - 연결 | Notes - Earnings (loss) per share, Securities Based - Consolidated"
,금융업(증권),주석,연결,'Presentation Link'!A45138,"[DS837100] 주석 - 금융상품/위험관리, 증권 - 연결 | Notes - Credit risk management, Securities Based - Consolidated"
,금융업(증권),주석,연결,'Presentation Link'!A45625,"[DS837200] 주석 - 금융상품/공정가치, 증권 - 연결 | Notes - Fair value and book value of assets and liabilities, Securities Based - Consolidated"
,금융업(증권),주석,연결,'Presentation Link'!A46531,"[DS837300] 주석 - 금융상품/범주별 금융상품, 증권 - 연결 | Notes - Financial instruments by category, Securities Based - Consolidated"
,금융업(증권),주석,연결,'Presentation Link'!A46632,"[DS837410] 주석 - 금융상품/금융자산의 양도, 증권 - 연결 | Notes - Transfers of financial assets, Securities Based - Consolidated"
,금융업(증권),주석,연결,'Presentation Link'!A46735,"[DS837420] 주석 - 금융상품/금융자산과 금융부채의 상계, 증권 - 연결 | Notes - Offsetting of financial assets and financial liabilities, Securities Based - Consolidated"
,금융업(증권),주석,연결,'Presentation Link'!A46786,"[DS838000] 주석 - 주식기준보상, 증권 - 연결 | Notes - Share-based payment, Securities Based - Consolidated"
,금융업(증권),주석,연결,'Presentation Link'!A46900,"[DS839000] 주석 - 특수관계자거래, 증권 - 연결 | Notes - Related party, Securities Based - Consolidated"
,금융업(증권),주석,연결,'Presentation Link'!A47019,"[DS840000] 주석 - 사업결합, 증권 - 연결 | Notes - Business combination, Securities Based - Consolidated"
,금융업(증권),주석,연결,'Presentation Link'!A47216,"[DS841000] 주석 - 현금흐름표, 증권 - 연결 | Notes - Cash flow, Securities Based - Consolidated"
,금융업(증권),주석,연결,'Presentation Link'!A47274,"[DS842000] 주석 - 우발부채, 우발자산 및 약정사항, 증권 - 연결 | Notes - Contingent liabilities, contingent asset and commitments, Securities Based - Consolidated"
,금융업(증권),주석,연결,'Presentation Link'!A47351,"[DS843000] 주석 - 비연결구조화기업, 증권 - 연결 | Notes - Unconsolidated structured entities, Securities Based - Consolidated"
,금융업(증권),주석,연결,'Presentation Link'!A47396,"[DS844000] 주석 - 재무제표의 승인, 증권 - 연결 | Notes - Authorisation of financial statements, Securities Based - Consolidated"
,금융업(증권),주석,연결,'Presentation Link'!A47407,"[DS845000] 주석 - 보고기간후사건, 증권 - 연결 | Notes - Events after reporting period, Securities Based - Consolidated"
,금융업(증권),주석,별도,'Presentation Link'!A47444,"[DS846005] 주석 - 신탁계정, 증권 - 별도 | Notes - Trust account, Securities Based - Separate"
,금융업(증권),주석,별도,'Presentation Link'!A47605,"[DS847005] 주석 - 이익잉여금 처분계산서, 증권 - 별도 | Notes - Statement of appropriation of retained earnings, Securities Based - Separate"
,금융업(증권),주석,연결,'Presentation Link'!A47639,"[DS847100] 주석 - 배당금, 증권 - 연결 | Notes - Dividends, Securities Based - Consolidated"
,금융업(증권),주석,연결,'Presentation Link'!A47666,"[DS848000] 주석 - 대손준비금, 증권 - 연결 | Notes - Regulatory reserve for credit loss, Securities Based - Consolidated"
,금융업(기타),재무제표 본문,연결,'Presentation Link'!A47697,"[DX220000] 재무상태표, 기타 - 연결 | Statement of Financial Position, Others - Consolidated financial statements"
,금융업(기타),재무제표 본문,별도,'Presentation Link'!A47803,"[DX220005] 재무상태표, 기타 - 별도 | Statement of Financial Position, Others - Separate financial statements"
,금융업(기타),재무제표 본문,연결,'Presentation Link'!A47906,"[DX320000] 포괄손익계산서, 기타 - 연결 | Statement of Comprehensive Income, Others - Consolidated financial statements"
,금융업(기타),재무제표 본문,별도,'Presentation Link'!A48076,"[DX320005] 포괄손익계산서, 기타 - 별도 | Statement of Comprehensive Income, Others - Separate financial statements"
,금융업(기타),재무제표 본문,연결,'Presentation Link'!A48246,"[DX520000] 현금흐름표, 기타 - 연결 | Statement of Cash Flows, Others - Consolidated financial statements"
,금융업(기타),재무제표 본문,별도,'Presentation Link'!A48563,"[DX520005] 현금흐름표, 기타 - 별도 | Statement of Cash Flows, Others - Separate financial statements"
,금융업(기타),재무제표 본문,연결,'Presentation Link'!A48880,"[DX610000] 자본변동표, 기타 - 연결 | Statement of Changes in Equity, Others - Consolidated financial statements"
,금융업(기타),재무제표 본문,별도,'Presentation Link'!A48984,"[DX610005] 자본변동표, 기타 - 별도 | Statement of Changes in Equity, Others - Separate financial statements"
,금융업(기타),주석,연결,'Presentation Link'!A49086,"[DX801000] 주석 - 회사의 개요, 기타 - 연결 | Notes - Corporate information, Others - Consolidated"
,금융업(기타),주석,연결,'Presentation Link'!A49105,"[DX802000] 주석 - 재무제표 작성기준 및 중요한 회계정책, 기타 - 연결 | Notes - Basis of preparation of financial statements and accounting policies, Others - Consolidated"
,금융업(기타),주석,연결,'Presentation Link'!A49211,"[DX803000] 주석 - 중요한 판단과 추정불확실성의 주요 원천, 기타 - 연결 | Notes - Significant judgements and sources of estimation uncertainty , Others - Consolidated"
,금융업(기타),주석,연결,'Presentation Link'!A49232,"[DX804000] 주석 - 부문정보, 기타 - 연결 | Notes - Operating segments, Others - Consolidated"
,금융업(기타),주석,연결,'Presentation Link'!A49319,"[DX805000] 주석 - 사용제한 금융자산, 기타 - 연결 | Notes - Restricted financial assets, Others - Consolidated"
,금융업(기타),주석,연결,'Presentation Link'!A49345,"[DX806000] 주석 - 담보제공자산, 기타 - 연결 | Notes - Assets pledged as collateral, Others - Consolidated"
,금융업(기타),주석,연결,'Presentation Link'!A49375,"[DX807000] 주석 - 당기손익-공정가치측정금융자산, 기타 - 연결 | Notes - Financial assets at fair value through profit or loss, Others - Consolidated"
,금융업(기타),주석,연결,'Presentation Link'!A49410,"[DX808000] 주석 - 기타포괄손익-공정가치측정금융자산, 기타 - 연결 | Notes - Financial assets at fair value through other comprehensive income, Others - Consolidated"
,금융업(기타),주석,연결,'Presentation Link'!A49515,"[DX809000] 주석 - 상각후원가측정금융자산, 기타 - 연결 | Notes - Financial assets at amortised cost, Others - Consolidated"
,금융업(기타),주석,연결,'Presentation Link'!A49721,"[DX810000] 주석 - 기타자산, 기타 - 연결 | Notes - Other assets, Others - Consolidated"
,금융업(기타),주석,연결,'Presentation Link'!A49768,"[DX811000] 주석 - 종속기업, 공동기업과 관계기업에 대한 투자자산, 기타 - 연결 | Notes - Interests in subsidiaries, joint ventures and associates, Others - Consolidated"
,금융업(기타),주석,연결,'Presentation Link'!A49991,"[DX812000] 주석 - 유형자산, 기타 - 연결 | Notes - Property, plant and equipment, Others - Consolidated"
,금융업(기타),주석,연결,'Presentation Link'!A50096,"[DX813000] 주석 - 투자부동산, 기타 - 연결 | Notes - Investment property, Others - Consolidated"
,금융업(기타),주석,연결,'Presentation Link'!A50174,"[DX814100] 주석 - 리스/사용권자산, 기타 - 연결 | Notes - Right-of-use assets, Others - Consolidated"
,금융업(기타),주석,연결,'Presentation Link'!A50225,"[DX814200] 주석 - 리스/리스부채, 기타 - 연결 | Notes - Lease liabilites, Others - Consolidated"
,금융업(기타),주석,연결,'Presentation Link'!A50286,"[DX814300] 주석 - 리스/금융리스채권, 기타 - 연결 | Notes - Finance lease receivables, Others - Consolidated"
,금융업(기타),주석,연결,'Presentation Link'!A50310,"[DX815000] 주석 - 무형자산, 기타 - 연결 | Notes - Intangible assets, Others - Consolidated"
,금융업(기타),주석,연결,'Presentation Link'!A50490,"[DX816000] 주석 - 당기손익-공정가치측정금융부채, 기타 - 연결 | Notes - Financial liabilities at fair value through profit or loss, Others - Consolidated"
,금융업(기타),주석,연결,'Presentation Link'!A50551,"[DX817000] 주석 - 차입부채, 기타 - 연결 | Notes - Borrowings, Others - Consolidated"
,금융업(기타),주석,연결,'Presentation Link'!A50583,"[DX818000] 주석 - 기타금융부채, 기타 - 연결 | Notes - Other financial liabilities, Others - Consolidated"
,금융업(기타),주석,연결,'Presentation Link'!A50626,"[DX819000] 주석 - 파생상품, 기타 - 연결 | Notes - Derivatives, Others - Consolidated"
,금융업(기타),주석,연결,'Presentation Link'!A50845,"[DX820000] 주석 - 순확정급여부채(자산), 기타 - 연결 | Notes - Net defined benefit liability (asset), Others - Consolidated"
,금융업(기타),주석,연결,'Presentation Link'!A51159,"[DX821000] 주석 - 충당부채, 기타 - 연결 | Notes - Provisions, Others - Consolidated"
,금융업(기타),주석,연결,'Presentation Link'!A51208,"[DX822000] 주석 - 예수부채, 기타 - 연결 | Notes - Deposits from customers, Others - Consolidated"
,금융업(기타),주석,연결,'Presentation Link'!A51230,"[DX823000] 주석 - 기타부채, 기타 - 연결 | Notes - Other liabilities, Others - Consolidated"
,금융업(기타),주석,연결,'Presentation Link'!A51272,"[DX824000] 주석 - 자본, 기타 - 연결 | Notes - Equity, Others - Consolidated"
,금융업(기타),주석,연결,'Presentation Link'!A51339,"[DX825000] 주석 - 순수수료손익, 기타 - 연결 | Notes - Net fee and commission income (expense), Others - Consolidated"
,금융업(기타),주석,연결,'Presentation Link'!A51370,"[DX826000] 주석 - 순이자손익, 기타 - 연결 | Notes - Net Interest income (expense), Others - Consolidated"
,금융업(기타),주석,연결,'Presentation Link'!A51413,"[DX827000] 주석 - 배당수익, 기타 - 연결 | Notes - Dividend income, Others - Consolidated"
,금융업(기타),주석,연결,'Presentation Link'!A51424,"[DX829000] 주석 - 기타영업손익, 기타 - 연결 | Notes - Other operating income (expense), Others - Consolidated"
,금융업(기타),주석,연결,'Presentation Link'!A51447,"[DX830000] 주석 - 판매비와관리비, 기타 - 연결 | Notes - Selling, general and administrative expense, Others - Consolidated"
,금융업(기타),주석,연결,'Presentation Link'!A51493,"[DX831000] 주석 - 영업외손익, 기타 - 연결 | Notes - Non-operating income (expense), Others - Consolidated"
,금융업(기타),주석,연결,'Presentation Link'!A51517,"[DX832000] 주석 - 법인세, 기타 - 연결 | Notes - Income tax, Others - Consolidated"
,금융업(기타),주석,연결,'Presentation Link'!A51668,"[DX833000] 주석 - 매각예정자산과 중단영업, 기타 - 연결 | Notes - Non-current assets held for sale and discontinued operations, Others - Consolidated"
,금융업(기타),주석,연결,'Presentation Link'!A51717,"[DX834000] 주석 - 주당이익(손실), 기타 - 연결 | Notes - Earnings (loss) per share, Others - Consolidated"
,금융업(기타),주석,연결,'Presentation Link'!A51807,"[DX835100] 주석 - 금융상품/위험관리, 기타 - 연결 | Notes - Credit risk management, Others - Consolidated"
,금융업(기타),주석,연결,'Presentation Link'!A52291,"[DX835200] 주석 - 금융상품/공정가치, 기타 - 연결 | Notes - Fair value and book value of assets and liabilities, Others - Consolidated"
,금융업(기타),주석,연결,'Presentation Link'!A53198,"[DX835300] 주석 - 금융상품/범주별 금융상품, 기타 - 연결 | Notes - Financial instruments by category, Others - Consolidated"
,금융업(기타),주석,연결,'Presentation Link'!A53303,"[DX835410] 주석 - 금융상품/금융자산의 양도, 기타 - 연결 | Notes - Transfers of financial assets, Others - Consolidated"
,금융업(기타),주석,연결,'Presentation Link'!A53409,"[DX835420] 주석 - 금융상품/금융자산과 금융부채의 상계, 기타 - 연결 | Notes - Offsetting of financial assets and financial liabilities, Others - Consolidated"
,금융업(기타),주석,연결,'Presentation Link'!A53461,"[DX836000] 주석 - 주식기준보상, 기타 - 연결 | Notes - Share-based payment, Others - Consolidated"
,금융업(기타),주석,연결,'Presentation Link'!A53575,"[DX837000] 주석 - 특수관계자거래, 기타 - 연결 | Notes - Related party, Others - Consolidated"
,금융업(기타),주석,연결,'Presentation Link'!A53694,"[DX838000] 주석 - 사업결합, 기타 - 연결 | Notes - Business combination, Others - Consolidated"
,금융업(기타),주석,연결,'Presentation Link'!A53891,"[DX839000] 주석 - 현금흐름표, 기타 - 연결 | Notes - Cash flow, Others - Consolidated"
,금융업(기타),주석,연결,'Presentation Link'!A53949,"[DX840000] 주석 - 우발부채, 우발자산 및 약정사항, 기타 - 연결 | Notes - Contingent liabilities, contingent asset and commitments, Others - Consolidated"
,금융업(기타),주석,연결,'Presentation Link'!A54026,"[DX841000] 주석 - 비연결구조화기업, 기타 - 연결 | Notes - Unconsolidated structured entities, Others - Consolidated"
,금융업(기타),주석,연결,'Presentation Link'!A54071,"[DX842000] 주석 - 재무제표의 승인, 기타 - 연결 | Notes - Authorisation of financial statements, Others - Consolidated"
,금융업(기타),주석,연결,'Presentation Link'!A54082,"[DX843000] 주석 - 보고기간후사건, 기타 - 연결 | Notes - Events after reporting period, Others - Consolidated"
,금융업(기타),주석,별도,'Presentation Link'!A54119,"[DX844005] 주석 - 신탁계정, 기타 - 별도 | Notes - Trust account, Others - Separate"
,금융업(기타),주석,연결,'Presentation Link'!A54280,"[DX845000] 주석 - 대손준비금, 기타 - 연결 | Notes - Regulatory reserve for credit loss, Others - Consolidated"
,금융업(기타),주석,별도,'Presentation Link'!A54311,"[DX846005] 주석 - 이익잉여금 처분계산서, 기타 - 별도 | Notes - Statement of appropriation of retained earnings, Others - Separate"
,금융업(기타),주석,연결,'Presentation Link'!A54345,"[DX846100] 주석 - 배당금, 기타 - 연결 | Notes - Dividends, Others - Consolidated"
,금융업(기타),주석,연결,'Presentation Link'!A54372,"[DX847000] 주석 - 보험계약 (IFRS 17), 기타 - 연결 | Notes - Insurance contracts (IFRS 17), Others - Consolidated"
,금융업(기타),주석,연결,'Presentation Link'!A54812,"[DX847100] 주석 - 보험계약 (IFRS 17)/보험계약부채(자산)의 변동, 발행한 보험계약, 기타 - 연결 | Notes - Insurance Contracts (IFRS 17)/Changes in insurance contracts, Insurance Contracts Issued, Others - Consolidated"
,금융업(기타),주석,연결,'Presentation Link'!A54943,"[DX847200] 주석 - 보험계약 (IFRS 17)/재보험계약자산(부채)의 변동, 보유 재보험계약, 기타 - 연결 | Notes - Insurance Contracts (IFRS 17)/Changes in reinsurance contracts, Reinsurance Contracts Held, Others - Consolidated"
,금융업(기타),주석,연결,'Presentation Link'!A55082,"[DX847300] 주석 - 보험계약 (IFRS 17)/보험계약의 정보, 기타 - 연결 | Notes - Insurance Contracts (IFRS 17)/Information of insurance contracts, Others - Consolidated"
,금융업(기타),주석,연결,'Presentation Link'!A55297,"[DX847400] 주석 - 보험계약 (IFRS 17)/보험서비스결과 분석, 기타 - 연결 | Notes - Insurance Contracts (IFRS 17)/Analysis of insurance service results, Others - Consolidated"
,금융업(기타),주석,연결,'Presentation Link'!A55372,"[DX847500] 주석 - 보험계약 (IFRS 17)/재보험서비스결과 분석, 기타 - 연결 | Notes - Insurance Contracts (IFRS 17)/Analysis of reinsurance service results, Others - Consolidated"
,금융업(기타),주석,연결,'Presentation Link'!A55443,"[DX847600] 주석 - 보험계약 (IFRS 17)/보험금융수익(비용) 분석, 기타 - 연결 | Notes - Insurance Contracts (IFRS 17)/Analysis of insurance finance income(expenses), Others - Consolidated"
,금융업(기타),주석,연결,'Presentation Link'!A55482,"[DX848100] 주석 - 위험관리, 보험계약(IFRS 17), 기타 - 연결 | Notes - Risk management, Insurance Contracts (IFRS 17), Others - Consolidated"
,금융업(기타),주석,연결,'Presentation Link'!A55744,"[DX850000] 주석 - 계약자지분조정, 기타 - 연결 | Notes - Policyholders' equity adjustment, Others - Consolidated"
,금융업(기타),주석,연결,'Presentation Link'!A55777,"[DX851000] 주석 - 예수유가증권, 기타 - 연결 | Notes - Securities of customers in custody, Others - Consolidated "
,금융업(기타),주석,연결,'Presentation Link'!A55796,"[DX852010] 주석 - 대여유가증권, 기타 - 연결 | Notes - Securities loaned, Others - Consolidated"
,금융업(기타),주석,연결,'Presentation Link'!A55814,"[DX852020] 주석 - 차입유가증권, 기타 - 연결 | Notes - Securities borrowed, Others - Consolidated"